"11re -- Väestö iän (1-v.) ja sukupuolen mukaan alueittain, 1972-2019"

"Alue","Ikä","Sukupuoli","2005 Väestö 31.12.","2006 Väestö 31.12.","2007 Väestö 31.12.","2008 Väestö 31.12.","2009 Väestö 31.12.","2010 Väestö 31.12.","2011 Väestö 31.12.","2012 Väestö 31.12.","2013 Väestö 31.12.","2014 Väestö 31.12.","2015 Väestö 31.12.","2016 Väestö 31.12.","2017 Väestö 31.12.","2018 Väestö 31.12.","2019 Väestö 31.12."
"Akaa","Yhteensä","Miehet",8119,8176,8229,8289,8311,8413,8461,8489,8509,8477,8490,8446,8390,8331,8263
"Akaa","Yhteensä","Naiset",8303,8410,8509,8548,8547,8599,8630,8645,8599,8575,8553,8477,8379,8280,8212
"Alajärvi","Yhteensä","Miehet",5459,5397,5373,5347,5306,5246,5175,5156,5152,5102,5033,4993,4948,4905,4846
"Alajärvi","Yhteensä","Naiset",5451,5371,5325,5287,5267,5241,5152,5112,5075,5069,4973,4906,4883,4795,4716
"Alavieska","Yhteensä","Miehet",1453,1440,1432,1415,1421,1408,1414,1433,1416,1400,1402,1376,1369,1351,1329
"Alavieska","Yhteensä","Naiset",1401,1387,1385,1344,1355,1362,1336,1328,1324,1287,1285,1263,1241,1222,1190
"Alavus","Yhteensä","Miehet",6423,6393,6370,6348,6303,6231,6206,6181,6141,6102,6074,6002,5909,5821,5818
"Alavus","Yhteensä","Naiset",6445,6398,6418,6358,6283,6208,6179,6160,6087,6001,5970,5905,5804,5723,5650
"Asikkala","Yhteensä","Miehet",4237,4248,4290,4263,4218,4224,4217,4200,4168,4155,4129,4156,4110,4071,4022
"Asikkala","Yhteensä","Naiset",4323,4349,4373,4341,4333,4328,4281,4261,4237,4219,4158,4167,4138,4078,4061
"Askola","Yhteensä","Miehet",2283,2323,2361,2393,2434,2455,2482,2505,2518,2549,2565,2530,2519,2519,2496
"Askola","Yhteensä","Naiset",2272,2304,2350,2368,2397,2409,2429,2483,2473,2515,2539,2516,2471,2439,2447
"Aura","Yhteensä","Miehet",1826,1850,1880,1893,1894,1932,1946,1953,1944,1957,1951,1948,1945,1934,1910
"Aura","Yhteensä","Naiset",1873,1900,1943,1959,1946,1979,2029,2018,2018,2025,2035,2036,2046,2050,2031
"Brändö","Yhteensä","Miehet",276,285,280,287,272,266,260,263,259,263,261,259,245,240,237
"Brändö","Yhteensä","Naiset",243,235,230,231,226,222,220,213,216,211,209,212,207,209,208
"Eckerö","Yhteensä","Miehet",461,466,459,466,476,487,506,502,498,497,495,482,489,496,498
"Eckerö","Yhteensä","Naiset",464,463,464,455,448,456,472,458,449,435,440,446,459,465,454
"Enonkoski","Yhteensä","Miehet",866,853,851,831,813,812,791,780,773,771,764,743,731,722,705
"Enonkoski","Yhteensä","Naiset",847,843,826,820,804,803,775,752,749,732,709,710,685,683,656
"Enontekiö","Yhteensä","Miehet",1061,1064,1049,1030,1007,995,1006,1006,1011,1009,987,988,999,976,969
"Enontekiö","Yhteensä","Naiset",939,933,916,885,875,881,887,874,880,881,874,884,894,876,869
"Espoo","Yhteensä","Miehet",113427,115234,116949,118918,120381,122287,124542,126856,128937,131429,133648,136237,138553,141016,144163
"Espoo","Yhteensä","Naiset",118277,119785,121098,122647,123949,125683,127897,129968,131816,134114,136154,138346,140491,142616,145568
"Eura","Yhteensä","Miehet",6398,6369,6309,6253,6236,6226,6192,6165,6150,6128,6093,6010,5961,5885,5865
"Eura","Yhteensä","Naiset",6409,6400,6367,6323,6318,6281,6232,6241,6218,6186,6035,5994,5949,5863,5767
"Eurajoki","Yhteensä","Miehet",4593,4630,4614,4624,4645,4654,4642,4684,4684,4689,4680,4824,4946,4858,4818
"Eurajoki","Yhteensä","Naiset",4566,4550,4561,4564,4544,4591,4555,4598,4602,4605,4607,4594,4575,4596,4584
"Evijärvi","Yhteensä","Miehet",1492,1464,1450,1431,1431,1417,1426,1398,1398,1383,1340,1315,1294,1269,1238
"Evijärvi","Yhteensä","Naiset",1424,1390,1377,1349,1341,1338,1321,1288,1287,1268,1236,1220,1205,1204,1187
"Finström","Yhteensä","Miehet",1216,1226,1230,1231,1226,1228,1258,1243,1236,1257,1249,1281,1290,1285,1294
"Finström","Yhteensä","Naiset",1225,1238,1227,1252,1260,1274,1269,1288,1284,1278,1273,1313,1290,1303,1299
"Forssa","Yhteensä","Miehet",8677,8677,8629,8644,8621,8675,8619,8554,8546,8465,8428,8403,8361,8285,8217
"Forssa","Yhteensä","Naiset",9241,9217,9206,9226,9186,9229,9214,9173,9121,9056,8994,8929,8824,8743,8684
"Föglö","Yhteensä","Miehet",311,302,304,297,291,299,298,302,303,297,290,290,276,280,277
"Föglö","Yhteensä","Naiset",285,281,278,279,270,281,279,276,269,271,264,271,256,254,254
"Geta","Yhteensä","Miehet",224,225,218,231,233,244,260,262,258,254,255,256,256,260,250
"Geta","Yhteensä","Naiset",220,223,225,225,224,231,232,233,242,240,245,243,239,254,246
"Haapajärvi","Yhteensä","Miehet",3977,3971,3968,3929,3893,3860,3853,3884,3878,3816,3805,3740,3698,3646,3569
"Haapajärvi","Yhteensä","Naiset",3905,3877,3882,3842,3821,3779,3756,3757,3738,3663,3633,3592,3553,3501,3441
"Haapavesi","Yhteensä","Miehet",3946,3865,3863,3861,3813,3817,3810,3727,3703,3670,3667,3627,3566,3493,3435
"Haapavesi","Yhteensä","Naiset",3734,3664,3652,3632,3583,3601,3574,3556,3538,3505,3500,3471,3404,3361,3323
"Hailuoto","Yhteensä","Miehet",510,525,519,543,538,528,520,512,522,518,511,512,502,502,491
"Hailuoto","Yhteensä","Naiset",454,473,468,485,481,476,484,474,477,479,482,482,465,472,468
"Halsua","Yhteensä","Miehet",740,723,714,697,682,677,666,647,637,630,629,628,596,596,585
"Halsua","Yhteensä","Naiset",701,682,665,654,641,612,609,601,592,592,596,591,575,569,542
"Hamina","Yhteensä","Miehet",10838,10786,10727,10649,10633,10586,10574,10503,10492,10420,10322,10241,10172,10075,10017
"Hamina","Yhteensä","Naiset",11119,11040,11010,10921,10850,10814,10829,10753,10711,10641,10529,10395,10321,10211,10094
"Hammarland","Yhteensä","Miehet",709,728,717,732,740,771,773,775,787,777,790,776,788,815,814
"Hammarland","Yhteensä","Naiset",675,695,692,708,723,737,753,747,753,754,747,732,759,762,769
"Hankasalmi","Yhteensä","Miehet",2786,2774,2743,2749,2755,2746,2722,2715,2694,2640,2613,2579,2499,2479,2456
"Hankasalmi","Yhteensä","Naiset",2802,2782,2763,2777,2759,2796,2769,2738,2710,2667,2627,2580,2520,2460,2419
"Hanko","Yhteensä","Miehet",4901,4882,4865,4839,4825,4785,4760,4679,4592,4546,4425,4331,4257,4187,4118
"Hanko","Yhteensä","Naiset",4926,4843,4843,4818,4772,4677,4657,4588,4517,4475,4439,4332,4260,4192,4081
"Harjavalta","Yhteensä","Miehet",3699,3699,3664,3652,3647,3637,3624,3622,3593,3593,3566,3553,3512,3428,3387
"Harjavalta","Yhteensä","Naiset",3974,4001,3982,3928,3901,3903,3880,3864,3814,3773,3730,3687,3639,3590,3544
"Hartola","Yhteensä","Miehet",1809,1771,1772,1727,1675,1676,1647,1601,1537,1521,1482,1462,1444,1399,1343
"Hartola","Yhteensä","Naiset",1862,1801,1800,1739,1713,1679,1645,1604,1561,1550,1500,1462,1438,1381,1354
"Hattula","Yhteensä","Miehet",4666,4713,4704,4790,4805,4822,4827,4865,4881,4909,4924,4886,4874,4799,4769
"Hattula","Yhteensä","Naiset",4666,4732,4740,4781,4820,4835,4855,4855,4803,4829,4823,4796,4736,4676,4653
"Hausjärvi","Yhteensä","Miehet",4260,4310,4334,4372,4460,4466,4468,4490,4466,4487,4449,4386,4332,4295,4218
"Hausjärvi","Yhteensä","Naiset",4159,4226,4240,4275,4366,4349,4339,4376,4342,4328,4280,4255,4172,4122,4042
"Heinola","Yhteensä","Miehet",10059,10008,10012,9973,9894,9835,9773,9747,9739,9589,9489,9401,9274,9142,9082
"Heinola","Yhteensä","Naiset",10670,10596,10600,10572,10480,10423,10391,10304,10240,10106,10086,9949,9854,9747,9585
"Heinävesi","Yhteensä","Miehet",2216,2179,2134,2094,2038,2004,1965,1937,1897,1876,1847,1818,1781,1705,1673
"Heinävesi","Yhteensä","Naiset",2095,2060,2018,1971,1937,1908,1862,1805,1770,1762,1727,1696,1674,1624,1581
"Helsinki","Yhteensä","Miehet",261627,263343,265728,270176,273577,276361,280064,284562,288957,293113,297151,301010,305237,307633,310702
"Helsinki","Yhteensä","Naiset",299278,301178,302803,306456,309773,312188,315320,319406,323707,327602,331057,334171,338035,340409,343133
"Hirvensalmi","Yhteensä","Miehet",1313,1308,1277,1269,1244,1233,1204,1194,1180,1173,1158,1148,1137,1111,1113
"Hirvensalmi","Yhteensä","Naiset",1266,1261,1238,1220,1192,1206,1185,1183,1158,1153,1132,1126,1099,1041,1023
"Hollola","Yhteensä","Miehet",11605,11621,11676,11786,11830,11873,11884,11892,11853,11830,11760,11716,11705,11587,11475
"Hollola","Yhteensä","Naiset",11785,11820,11983,12097,12141,12233,12266,12258,12220,12166,12155,12075,12077,12015,11935
"Honkajoki","Yhteensä","Miehet",1055,1046,1008,995,973,981,973,959,955,940,933,920,890,875,846
"Honkajoki","Yhteensä","Naiset",956,939,924,923,916,897,875,873,864,848,860,839,817,791,774
"Huittinen","Yhteensä","Miehet",5291,5285,5270,5272,5280,5257,5270,5278,5246,5203,5183,5144,5061,5009,4994
"Huittinen","Yhteensä","Naiset",5477,5456,5429,5431,5420,5406,5368,5345,5297,5284,5290,5259,5146,5082,5050
"Humppila","Yhteensä","Miehet",1292,1290,1287,1272,1273,1268,1273,1276,1256,1256,1230,1195,1163,1132,1119
"Humppila","Yhteensä","Naiset",1308,1292,1279,1265,1251,1238,1230,1220,1207,1184,1158,1150,1127,1103,1065
"Hyrynsalmi","Yhteensä","Miehet",1581,1545,1524,1488,1431,1407,1381,1341,1321,1285,1260,1260,1213,1194,1184
"Hyrynsalmi","Yhteensä","Naiset",1515,1470,1443,1389,1360,1329,1291,1262,1244,1205,1162,1146,1113,1093,1087
"Hyvinkää","Yhteensä","Miehet",21284,21511,21731,21917,22081,22232,22219,22236,22505,22643,22643,22795,22886,22752,22710
"Hyvinkää","Yhteensä","Naiset",22564,22799,22921,23070,23189,23257,23308,23356,23683,23723,23820,23801,23853,23752,23760
"Hämeenkyrö","Yhteensä","Miehet",5119,5131,5150,5184,5210,5254,5271,5256,5287,5316,5339,5351,5324,5284,5208
"Hämeenkyrö","Yhteensä","Naiset",5067,5107,5126,5143,5226,5235,5262,5244,5295,5294,5328,5330,5275,5226,5196
"Hämeenlinna","Yhteensä","Miehet",30603,30974,31221,31573,31763,31989,32191,32395,32607,32769,32823,32781,32749,32710,32737
"Hämeenlinna","Yhteensä","Naiset",33668,33931,34200,34558,34692,34840,35079,35102,35199,35207,35188,35069,34913,34822,34896
"Ii","Yhteensä","Miehet",4593,4651,4723,4787,4850,4880,4932,4974,4964,4979,4976,4969,5166,5091,5089
"Ii","Yhteensä","Naiset",4275,4330,4354,4390,4444,4502,4567,4600,4646,4687,4687,4659,4800,4771,4755
"Iisalmi","Yhteensä","Miehet",10956,10879,10893,10930,10840,10827,10848,10839,10886,10859,10786,10706,10654,10626,10588
"Iisalmi","Yhteensä","Naiset",11526,11440,11405,11359,11329,11268,11299,11296,11285,11256,11159,11061,10985,10846,10780
"Iitti","Yhteensä","Miehet",3587,3567,3560,3497,3489,3451,3462,3424,3451,3455,3439,3432,3411,3379,3346
"Iitti","Yhteensä","Naiset",3678,3679,3648,3596,3572,3554,3540,3531,3530,3495,3471,3457,3409,3386,3365
"Ikaalinen","Yhteensä","Miehet",3674,3672,3667,3668,3658,3654,3651,3617,3595,3624,3574,3550,3555,3507,3472
"Ikaalinen","Yhteensä","Naiset",3873,3839,3816,3785,3766,3774,3724,3729,3708,3674,3633,3578,3564,3496,3470
"Ilmajoki","Yhteensä","Miehet",5818,5820,5881,5897,5949,5991,6026,6094,6142,6170,6149,6138,6145,6151,6192
"Ilmajoki","Yhteensä","Naiset",5678,5712,5754,5783,5795,5850,5872,5928,5957,6011,6010,6029,6060,6036,6077
"Ilomantsi","Yhteensä","Miehet",3220,3174,3135,3053,3030,2946,2928,2882,2835,2785,2701,2673,2607,2537,2465
"Ilomantsi","Yhteensä","Naiset",3202,3139,3068,2999,2992,2937,2906,2811,2779,2719,2635,2564,2521,2436,2392
"Imatra","Yhteensä","Miehet",14369,14288,14198,14066,13957,13896,13891,13785,13728,13634,13526,13406,13305,13153,12990
"Imatra","Yhteensä","Naiset",15160,15097,14957,14833,14719,14644,14581,14509,14491,14403,14309,14111,13964,13779,13518
"Inari","Yhteensä","Miehet",3688,3663,3648,3586,3573,3547,3558,3543,3580,3575,3561,3573,3575,3587,3588
"Inari","Yhteensä","Naiset",3355,3323,3306,3280,3290,3231,3196,3189,3214,3239,3243,3252,3294,3343,3319
"Inkoo","Yhteensä","Miehet",2639,2679,2717,2781,2781,2735,2732,2727,2732,2746,2743,2798,2746,2695,2677
"Inkoo","Yhteensä","Naiset",2671,2699,2743,2794,2828,2811,2829,2811,2830,2814,2798,2787,2735,2708,2709
"Isojoki","Yhteensä","Miehet",1295,1296,1298,1260,1236,1231,1218,1189,1182,1147,1120,1112,1087,1064,1045
"Isojoki","Yhteensä","Naiset",1257,1244,1220,1198,1170,1169,1136,1101,1075,1051,1003,967,945,912,906
"Isokyrö","Yhteensä","Miehet",2506,2508,2518,2512,2500,2508,2487,2465,2447,2449,2418,2389,2372,2331,2303
"Isokyrö","Yhteensä","Naiset",2538,2533,2498,2479,2453,2457,2449,2421,2407,2393,2367,2323,2301,2270,2219
"Janakkala","Yhteensä","Miehet",7815,7981,8147,8241,8343,8417,8429,8442,8400,8445,8466,8399,8356,8312,8323
"Janakkala","Yhteensä","Naiset",8056,8134,8258,8348,8452,8475,8531,8479,8442,8395,8387,8310,8251,8135,8090
"Joensuu","Yhteensä","Miehet",35055,35011,34897,35057,35271,35547,35767,36016,36155,36508,36782,36974,37071,37217,37338
"Joensuu","Yhteensä","Naiset",37237,37242,37208,37376,37433,37758,37991,38152,38316,38533,38732,38874,38996,39334,39512
"Jokioinen","Yhteensä","Miehet",2836,2824,2842,2848,2845,2822,2811,2795,2760,2725,2684,2648,2629,2574,2537
"Jokioinen","Yhteensä","Naiset",2918,2901,2926,2919,2908,2898,2865,2848,2835,2791,2741,2693,2657,2621,2596
"Jomala","Yhteensä","Miehet",1840,1872,1950,2023,2072,2116,2179,2224,2271,2338,2380,2434,2482,2585,2666
"Jomala","Yhteensä","Naiset",1774,1792,1824,1894,1950,1982,2070,2131,2153,2222,2268,2323,2377,2447,2567
"Joroinen","Yhteensä","Miehet",2836,2820,2741,2729,2722,2700,2683,2642,2612,2613,2590,2562,2509,2455,2431
"Joroinen","Yhteensä","Naiset",2783,2776,2754,2747,2701,2694,2659,2649,2601,2565,2520,2477,2408,2357,2336
"Joutsa","Yhteensä","Miehet",2638,2613,2606,2578,2569,2559,2528,2484,2462,2440,2384,2404,2338,2281,2235
"Joutsa","Yhteensä","Naiset",2575,2574,2574,2544,2524,2494,2430,2414,2395,2342,2304,2269,2229,2186,2142
"Juuka","Yhteensä","Miehet",3097,3057,3007,2961,2932,2863,2793,2734,2671,2626,2563,2544,2477,2405,2354
"Juuka","Yhteensä","Naiset",2937,2883,2825,2801,2773,2726,2660,2590,2532,2514,2471,2394,2340,2304,2252
"Juupajoki","Yhteensä","Miehet",1116,1109,1117,1103,1076,1066,1045,1034,1050,1051,1017,1003,978,966,951
"Juupajoki","Yhteensä","Naiset",1108,1096,1089,1070,1040,1028,1001,989,989,982,971,954,926,918,893
"Juva","Yhteensä","Miehet",3677,3646,3600,3576,3563,3500,3461,3413,3358,3309,3270,3216,3163,3118,3080
"Juva","Yhteensä","Naiset",3692,3678,3613,3559,3501,3462,3441,3370,3326,3307,3278,3205,3171,3107,3036
"Jyväskylä","Yhteensä","Miehet",59970,60577,61392,62158,62895,63691,64332,65109,65806,66345,67215,68245,68982,69541,70066
"Jyväskylä","Yhteensä","Naiset",64235,64644,65154,65870,66728,67125,67730,68373,68852,69435,70153,70605,71206,71764,72334
"Jämijärvi","Yhteensä","Miehet",1099,1093,1090,1068,1051,1027,1004,1006,994,1000,984,974,950,921,896
"Jämijärvi","Yhteensä","Naiset",1084,1068,1059,1035,1012,1014,999,980,977,997,964,941,917,888,843
"Jämsä","Yhteensä","Miehet",12136,11774,11640,11540,11450,11322,11211,11157,11060,10896,10770,10605,10420,10285,10105
"Jämsä","Yhteensä","Naiset",12191,11838,11758,11627,11499,11369,11296,11197,11078,10912,10772,10654,10457,10322,10077
"Järvenpää","Yhteensä","Miehet",18162,18187,18403,18569,18802,18826,18963,19302,19492,19730,19953,20258,20719,21177,21360
"Järvenpää","Yhteensä","Naiset",19343,19442,19586,19719,19906,19854,20003,20344,20461,20660,20947,21271,21853,22233,22351
"Kaarina","Yhteensä","Miehet",14158,14351,14563,14810,15040,15046,15173,15346,15562,15751,15958,15986,16174,16339,16558
"Kaarina","Yhteensä","Naiset",14809,15111,15365,15537,15720,15865,15908,16017,16236,16397,16632,16752,16925,17119,17379
"Kaavi","Yhteensä","Miehet",1812,1784,1761,1741,1727,1685,1702,1662,1627,1611,1606,1582,1537,1515,1457
"Kaavi","Yhteensä","Naiset",1784,1768,1729,1716,1702,1692,1683,1653,1634,1603,1588,1572,1511,1475,1436
"Kajaani","Yhteensä","Miehet",18667,18567,18568,18633,18680,18695,18688,18669,18633,18582,18537,18537,18410,18332,18250
"Kajaani","Yhteensä","Naiset",19550,19460,19521,19499,19531,19462,19357,19304,19235,19209,19085,18984,18829,18641,18459
"Kalajoki","Yhteensä","Miehet",6226,6241,6341,6340,6360,6383,6417,6429,6423,6381,6357,6342,6309,6236,6244
"Kalajoki","Yhteensä","Naiset",6056,6077,6146,6195,6180,6179,6199,6196,6221,6251,6264,6244,6207,6151,6129
"Kangasala","Yhteensä","Miehet",13873,14064,14273,14499,14603,14698,14791,14940,15046,15133,15225,15501,15615,15726,15824
"Kangasala","Yhteensä","Naiset",14054,14343,14536,14783,14919,14977,15100,15186,15299,15338,15382,15689,15822,15950,16044
"Kangasniemi","Yhteensä","Miehet",3145,3127,3076,3056,3029,3016,2949,2939,2932,2866,2841,2822,2806,2752,2715
"Kangasniemi","Yhteensä","Naiset",3106,3088,3055,3035,2995,2948,2916,2900,2869,2827,2787,2781,2743,2700,2641
"Kankaanpää","Yhteensä","Miehet",6192,6159,6082,6033,5985,5974,5947,5892,5889,5846,5772,5714,5684,5641,5530
"Kankaanpää","Yhteensä","Naiset",6426,6419,6323,6281,6239,6161,6131,6065,6083,6037,5997,5923,5901,5830,5756
"Kannonkoski","Yhteensä","Miehet",822,831,817,826,813,808,788,795,775,756,748,726,711,686,686
"Kannonkoski","Yhteensä","Naiset",805,814,793,783,774,769,756,758,745,719,714,698,697,667,653
"Kannus","Yhteensä","Miehet",2933,2905,2869,2816,2822,2816,2804,2818,2795,2784,2774,2759,2714,2716,2691
"Kannus","Yhteensä","Naiset",3004,2987,2975,2929,2971,2921,2893,2918,2880,2859,2816,2819,2806,2786,2773
"Karijoki","Yhteensä","Miehet",845,822,807,804,777,772,785,775,758,735,711,697,691,667,649
"Karijoki","Yhteensä","Naiset",828,795,772,770,752,749,742,739,704,674,658,652,638,607,596
"Karkkila","Yhteensä","Miehet",4346,4409,4464,4509,4490,4540,4541,4502,4483,4428,4407,4397,4404,4347,4322
"Karkkila","Yhteensä","Naiset",4461,4511,4532,4567,4619,4669,4649,4617,4591,4549,4562,4514,4496,4431,4392
"Karstula","Yhteensä","Miehet",2393,2364,2337,2312,2288,2260,2246,2191,2157,2127,2106,2090,2062,2006,1976
"Karstula","Yhteensä","Naiset",2408,2375,2354,2306,2276,2247,2216,2185,2186,2159,2162,2142,2084,2025,1973
"Karvia","Yhteensä","Miehet",1470,1441,1462,1422,1381,1374,1347,1324,1314,1305,1293,1288,1264,1260,1223
"Karvia","Yhteensä","Naiset",1355,1338,1314,1306,1291,1269,1252,1221,1209,1186,1182,1161,1139,1130,1119
"Kaskinen","Yhteensä","Miehet",744,758,745,749,729,725,716,709,690,672,646,648,639,636,631
"Kaskinen","Yhteensä","Naiset",738,747,740,729,713,704,688,673,660,652,639,648,635,626,615
"Kauhajoki","Yhteensä","Miehet",7290,7282,7242,7237,7225,7153,7108,7087,7050,7007,6956,6900,6805,6713,6615
"Kauhajoki","Yhteensä","Naiset",7175,7175,7186,7142,7159,7116,7083,7080,7031,7000,6919,6872,6805,6662,6569
"Kauhava","Yhteensä","Miehet",9111,9020,8977,8871,8791,8667,8645,8605,8575,8501,8414,8309,8178,8063,7917
"Kauhava","Yhteensä","Naiset",9137,9057,8997,8902,8754,8641,8620,8597,8490,8407,8370,8290,8100,7959,7809
"Kauniainen","Yhteensä","Miehet",4116,4134,4148,4173,4206,4217,4256,4332,4417,4539,4610,4571,4654,4627,4720
"Kauniainen","Yhteensä","Naiset",4341,4335,4363,4372,4411,4472,4551,4578,4684,4818,4876,4826,4970,4988,5077
"Kaustinen","Yhteensä","Miehet",2191,2197,2173,2173,2161,2167,2157,2167,2172,2171,2175,2166,2169,2140,2129
"Kaustinen","Yhteensä","Naiset",2157,2135,2125,2140,2137,2135,2123,2120,2116,2112,2130,2132,2140,2133,2132
"Keitele","Yhteensä","Miehet",1404,1380,1341,1337,1312,1306,1305,1281,1252,1229,1216,1197,1181,1134,1122
"Keitele","Yhteensä","Naiset",1356,1312,1301,1281,1251,1236,1219,1195,1175,1169,1163,1149,1128,1110,1080
"Kemi","Yhteensä","Miehet",11292,11228,11147,11084,11105,11111,10988,10951,10908,10807,10732,10674,10471,10374,10214
"Kemi","Yhteensä","Naiset",11539,11543,11522,11510,11475,11426,11411,11306,11212,11122,11026,10928,10785,10647,10493
"Kemijärvi","Yhteensä","Miehet",4702,4591,4502,4395,4315,4265,4190,4094,4020,3957,3906,3853,3786,3721,3672
"Kemijärvi","Yhteensä","Naiset",4591,4474,4380,4263,4204,4153,4105,3999,3963,3935,3860,3808,3748,3649,3602
"Keminmaa","Yhteensä","Miehet",4465,4412,4343,4329,4314,4309,4329,4332,4336,4311,4260,4217,4216,4137,4092
"Keminmaa","Yhteensä","Naiset",4461,4417,4369,4307,4292,4264,4243,4253,4229,4158,4128,4099,4080,4010,3987
"Kemiönsaari","Yhteensä","Miehet",3710,3683,3649,3613,3614,3564,3553,3531,3502,3467,3470,3466,3421,3387,3344
"Kemiönsaari","Yhteensä","Naiset",3752,3742,3734,3690,3684,3627,3620,3544,3510,3476,3439,3406,3372,3337,3296
"Kempele","Yhteensä","Miehet",7308,7535,7648,7653,7860,7932,8091,8191,8281,8403,8478,8633,8745,8924,9141
"Kempele","Yhteensä","Naiset",7167,7382,7570,7667,7792,7932,8091,8192,8324,8486,8588,8664,8790,8999,9214
"Kerava","Yhteensä","Miehet",15417,15808,16226,16436,16533,16730,16847,16820,17017,17260,17304,17395,17433,17825,18103
"Kerava","Yhteensä","Naiset",16127,16497,16955,17110,17300,17552,17702,17671,17896,18057,17989,18116,18121,18429,18653
"Keuruu","Yhteensä","Miehet",5448,5353,5289,5295,5216,5197,5147,5087,5022,4971,4956,4873,4871,4825,4761
"Keuruu","Yhteensä","Naiset",5732,5652,5630,5601,5541,5469,5427,5401,5288,5206,5161,5119,5048,4937,4844
"Kihniö","Yhteensä","Miehet",1210,1173,1166,1140,1151,1136,1104,1093,1072,1061,1042,1018,1005,979,952
"Kihniö","Yhteensä","Naiset",1143,1132,1114,1083,1106,1090,1075,1054,1039,1019,996,976,962,931,913
"Kinnula","Yhteensä","Miehet",1042,1036,1015,1001,982,976,983,952,954,956,940,906,884,874,874
"Kinnula","Yhteensä","Naiset",891,865,849,851,838,845,833,812,815,810,805,793,772,741,746
"Kirkkonummi","Yhteensä","Miehet",16825,17220,17582,17990,18205,18426,18548,18711,18882,19024,19255,19474,19542,19572,19747
"Kirkkonummi","Yhteensä","Naiset",16756,17169,17559,17991,18304,18516,18644,18856,19017,19196,19394,19559,19628,19690,19839
"Kitee","Yhteensä","Miehet",6237,6198,6124,6015,5946,5831,5750,5646,5571,5462,5375,5319,5219,5175,5076
"Kitee","Yhteensä","Naiset",6225,6118,6083,5995,5915,5835,5765,5695,5626,5524,5457,5400,5267,5183,5060
"Kittilä","Yhteensä","Miehet",2959,2986,3028,3052,3096,3135,3185,3205,3241,3265,3226,3211,3223,3220,3250
"Kittilä","Yhteensä","Naiset",2881,2901,2939,2987,3019,3048,3094,3183,3237,3205,3190,3172,3198,3216,3203
"Kiuruvesi","Yhteensä","Miehet",4829,4778,4714,4664,4632,4575,4521,4484,4424,4373,4319,4258,4181,4105,4038
"Kiuruvesi","Yhteensä","Naiset",4916,4861,4801,4736,4686,4582,4542,4505,4442,4379,4281,4186,4102,4048,3960
"Kivijärvi","Yhteensä","Miehet",729,731,717,696,700,700,688,674,668,657,631,610,596,583,577
"Kivijärvi","Yhteensä","Naiset",695,710,685,667,665,664,646,629,591,587,569,551,536,520,519
"Kokemäki","Yhteensä","Miehet",4135,4085,4072,4034,3983,3945,3883,3901,3835,3808,3775,3734,3674,3606,3543
"Kokemäki","Yhteensä","Naiset",4230,4192,4145,4114,4097,4042,4039,3992,3934,3894,3816,3764,3707,3620,3560
"Kokkola","Yhteensä","Miehet",21884,21982,22236,22418,22514,22697,22871,23002,23140,23292,23448,23568,23567,23561,23555
"Kokkola","Yhteensä","Naiset",22743,22892,23112,23226,23382,23563,23714,23771,23891,23986,24122,24155,24156,24096,24126
"Kolari","Yhteensä","Miehet",1971,1963,1957,1986,1987,1985,1988,1987,1980,1966,1967,1949,1964,1944,1945
"Kolari","Yhteensä","Naiset",1857,1829,1839,1874,1867,1854,1848,1866,1905,1874,1881,1878,1890,1890,1901
"Konnevesi","Yhteensä","Miehet",1585,1562,1556,1528,1525,1527,1506,1486,1458,1447,1409,1405,1399,1374,1340
"Konnevesi","Yhteensä","Naiset",1514,1495,1471,1450,1446,1436,1418,1418,1388,1384,1348,1348,1349,1324,1287
"Kontiolahti","Yhteensä","Miehet",6526,6620,6810,6856,6930,6978,7107,7217,7314,7439,7498,7495,7489,7539,7550
"Kontiolahti","Yhteensä","Naiset",6242,6376,6516,6634,6747,6744,6893,7028,7108,7242,7329,7311,7341,7310,7271
"Korsnäs","Yhteensä","Miehet",1131,1138,1154,1141,1146,1162,1157,1148,1150,1143,1132,1116,1105,1096,1078
"Korsnäs","Yhteensä","Naiset",1077,1067,1086,1078,1093,1098,1092,1084,1068,1076,1069,1055,1049,1026,999
"Koski Tl","Yhteensä","Miehet",1248,1243,1230,1218,1208,1212,1206,1204,1198,1209,1190,1207,1173,1158,1148
"Koski Tl","Yhteensä","Naiset",1280,1268,1255,1252,1242,1224,1235,1246,1225,1229,1209,1209,1186,1182,1160
"Kotka","Yhteensä","Miehet",26972,26862,26953,26943,26929,26984,27006,27045,26994,26858,26818,26771,26425,26157,25747
"Kotka","Yhteensä","Naiset",27866,27745,27726,27751,27846,27840,27825,27828,27777,27660,27501,27416,27114,26726,26379
"Kouvola","Yhteensä","Miehet",44048,43725,43397,43237,43206,43144,42928,42798,42596,42384,42121,41845,41364,40925,40385
"Kouvola","Yhteensä","Naiset",45876,45672,45416,45199,44968,44928,44639,44498,44330,44069,43734,43461,42832,42252,41728
"Kristiinankaupunki","Yhteensä","Miehet",3836,3769,3697,3641,3659,3605,3562,3540,3521,3418,3401,3375,3325,3303,3257
"Kristiinankaupunki","Yhteensä","Naiset",3826,3745,3692,3621,3595,3552,3534,3515,3480,3427,3392,3352,3313,3293,3229
"Kruunupyy","Yhteensä","Miehet",3384,3350,3339,3345,3367,3382,3356,3341,3368,3349,3358,3339,3304,3277,3245
"Kruunupyy","Yhteensä","Naiset",3416,3350,3377,3371,3353,3349,3325,3325,3314,3313,3324,3281,3227,3232,3183
"Kuhmo","Yhteensä","Miehet",5326,5235,5166,5090,4977,4890,4828,4777,4698,4623,4554,4460,4393,4318,4247
"Kuhmo","Yhteensä","Naiset",4945,4837,4777,4708,4659,4602,4506,4463,4406,4327,4252,4187,4106,4011,3943
"Kuhmoinen","Yhteensä","Miehet",1385,1349,1331,1294,1276,1257,1236,1201,1191,1162,1143,1132,1122,1114,1098
"Kuhmoinen","Yhteensä","Naiset",1420,1382,1372,1345,1313,1297,1269,1237,1218,1212,1191,1154,1130,1124,1108
"Kumlinge","Yhteensä","Miehet",192,192,196,191,192,188,186,179,176,175,169,164,167,172,170
"Kumlinge","Yhteensä","Naiset",163,167,170,169,180,176,175,159,154,153,148,144,147,143,144
"Kuopio","Yhteensä","Miehet",53040,53321,53505,53809,54142,54369,54778,55344,55870,56502,56916,57319,57605,57798,58046
"Kuopio","Yhteensä","Naiset",57168,57096,57208,57409,57657,57967,58141,58711,59238,59669,60005,60421,60604,60866,61236
"Kuortane","Yhteensä","Miehet",2118,2112,2056,2035,2024,2010,1990,1964,1966,1914,1907,1897,1865,1826,1808
"Kuortane","Yhteensä","Naiset",2067,2055,2017,1984,1959,1933,1916,1885,1853,1813,1808,1793,1772,1746,1743
"Kurikka","Yhteensä","Miehet",11824,11729,11701,11568,11452,11399,11311,11206,11125,11063,10886,10782,10615,10477,10340
"Kurikka","Yhteensä","Naiset",11826,11747,11722,11524,11451,11412,11314,11260,11184,11010,10848,10719,10588,10475,10338
"Kustavi","Yhteensä","Miehet",453,441,442,447,439,437,443,449,445,460,460,468,489,489,496
"Kustavi","Yhteensä","Naiset",477,471,459,463,442,437,443,440,424,432,435,440,434,437,453
"Kuusamo","Yhteensä","Miehet",8729,8639,8623,8551,8506,8434,8348,8224,8111,8026,7988,7913,7843,7745,7693
"Kuusamo","Yhteensä","Naiset",8384,8361,8276,8224,8163,8058,8025,7943,7841,7797,7700,7620,7543,7462,7441
"Kyyjärvi","Yhteensä","Miehet",840,821,806,788,778,765,756,746,722,708,710,712,694,689,681
"Kyyjärvi","Yhteensä","Naiset",806,791,769,770,758,743,747,723,709,691,669,663,658,654,632
"Kärkölä","Yhteensä","Miehet",2499,2506,2494,2491,2477,2468,2428,2411,2399,2347,2335,2312,2289,2254,2214
"Kärkölä","Yhteensä","Naiset",2475,2447,2432,2436,2398,2414,2370,2361,2356,2300,2269,2228,2219,2197,2154
"Kärsämäki","Yhteensä","Miehet",1543,1526,1526,1522,1498,1474,1446,1419,1407,1397,1385,1388,1359,1378,1370
"Kärsämäki","Yhteensä","Naiset",1482,1474,1460,1448,1420,1398,1373,1341,1314,1299,1273,1267,1252,1235,1206
"Kökar","Yhteensä","Miehet",162,161,150,144,145,145,140,137,140,142,136,142,131,128,125
"Kökar","Yhteensä","Naiset",141,137,134,118,116,114,109,108,111,112,114,104,105,108,107
"Lahti","Yhteensä","Miehet",53791,54004,54383,54890,55369,55705,56155,56503,56699,56831,56973,57499,57676,57989,57948
"Lahti","Yhteensä","Naiset",59412,59633,59932,60234,60550,60877,61180,61595,61650,61813,61770,61953,61897,61962,61875
"Laihia","Yhteensä","Miehet",3772,3820,3803,3846,3889,3921,3974,4002,4012,4035,4068,4095,4058,4080,4064
"Laihia","Yhteensä","Naiset",3792,3845,3861,3846,3905,3949,3959,3991,3995,4033,4022,4044,3993,3978,3953
"Laitila","Yhteensä","Miehet",4284,4232,4184,4166,4171,4187,4160,4198,4184,4219,4219,4213,4302,4339,4312
"Laitila","Yhteensä","Naiset",4285,4294,4300,4304,4271,4253,4248,4262,4303,4323,4301,4307,4308,4308,4276
"Lapinjärvi","Yhteensä","Miehet",1467,1470,1461,1467,1460,1426,1417,1407,1403,1393,1392,1371,1352,1333,1308
"Lapinjärvi","Yhteensä","Naiset",1470,1475,1468,1467,1466,1446,1431,1422,1417,1386,1382,1368,1354,1332,1298
"Lapinlahti","Yhteensä","Miehet",5335,5353,5331,5324,5263,5219,5229,5198,5140,5093,5036,4992,4895,4864,4791
"Lapinlahti","Yhteensä","Naiset",5246,5265,5211,5231,5214,5193,5157,5091,5036,5000,4946,4890,4797,4753,4694
"Lappajärvi","Yhteensä","Miehet",1793,1758,1738,1710,1707,1691,1687,1668,1642,1609,1581,1565,1546,1536,1517
"Lappajärvi","Yhteensä","Naiset",1877,1850,1826,1807,1788,1749,1749,1715,1675,1650,1634,1611,1594,1542,1479
"Lappeenranta","Yhteensä","Miehet",35144,35182,35212,35385,35475,35564,35625,35776,35877,35977,36079,36159,36168,36087,36118
"Lappeenranta","Yhteensä","Naiset",36291,36258,36263,36355,36339,36418,36508,36648,36781,36817,36796,36713,36741,36612,36516
"Lapua","Yhteensä","Miehet",6964,6981,7029,7074,7105,7149,7235,7289,7291,7295,7232,7225,7168,7149,7085
"Lapua","Yhteensä","Naiset",7117,7119,7149,7160,7221,7279,7295,7361,7401,7438,7377,7350,7326,7278,7193
"Laukaa","Yhteensä","Miehet",8612,8714,8833,8911,9006,9093,9125,9229,9314,9411,9475,9580,9541,9528,9507
"Laukaa","Yhteensä","Naiset",8581,8671,8776,8852,8969,9049,9161,9252,9274,9298,9390,9390,9437,9399,9396
"Lemi","Yhteensä","Miehet",1639,1618,1628,1625,1618,1630,1624,1611,1659,1646,1615,1613,1608,1585,1553
"Lemi","Yhteensä","Naiset",1468,1434,1428,1434,1423,1434,1444,1448,1471,1470,1458,1463,1455,1458,1418
"Lemland","Yhteensä","Miehet",874,902,917,928,928,941,962,974,989,990,1009,1006,1016,1023,1029
"Lemland","Yhteensä","Naiset",821,829,856,855,854,873,898,909,937,953,982,1006,1012,1010,1024
"Lempäälä","Yhteensä","Miehet",9120,9338,9599,9860,10049,10221,10416,10686,10892,11073,11213,11328,11358,11503,11626
"Lempäälä","Yhteensä","Naiset",9128,9364,9672,9893,10129,10367,10472,10754,10937,11160,11323,11417,11471,11703,11897
"Leppävirta","Yhteensä","Miehet",5485,5490,5460,5401,5351,5315,5257,5194,5144,5074,5039,4980,4943,4893,4789
"Leppävirta","Yhteensä","Naiset",5482,5431,5425,5359,5282,5241,5148,5080,5026,4941,4914,4885,4839,4757,4665
"Lestijärvi","Yhteensä","Miehet",480,474,454,441,435,433,430,423,411,415,406,415,412,389,384
"Lestijärvi","Yhteensä","Naiset",475,468,450,440,425,420,417,412,407,402,392,396,377,348,335
"Lieksa","Yhteensä","Miehet",6937,6820,6645,6515,6477,6445,6404,6322,6271,6184,6004,5918,5778,5701,5596
"Lieksa","Yhteensä","Naiset",6785,6685,6536,6403,6311,6242,6181,6077,6032,5933,5768,5662,5519,5397,5288
"Lieto","Yhteensä","Miehet",8534,8667,8732,8811,8969,9099,9308,9506,9567,9570,9577,9659,9728,9860,9937
"Lieto","Yhteensä","Naiset",8529,8700,8817,8902,9012,9106,9326,9476,9561,9639,9686,9759,9868,9971,10057
"Liminka","Yhteensä","Miehet",3851,4089,4298,4397,4522,4639,4694,4833,4896,4967,5074,5133,5196,5208,5223
"Liminka","Yhteensä","Naiset",3633,3874,4101,4179,4339,4398,4470,4599,4681,4773,4863,4867,4937,4953,4968
"Liperi","Yhteensä","Miehet",5907,5973,6042,6125,6126,6182,6208,6257,6264,6236,6230,6201,6139,6176,6132
"Liperi","Yhteensä","Naiset",5843,5877,5898,5931,6007,6089,6078,6140,6132,6099,6108,6100,6011,5969,5952
"Lohja","Yhteensä","Miehet",22474,22684,22877,23117,23236,23411,23421,23461,23519,23442,23363,23251,23089,22850,22707
"Lohja","Yhteensä","Naiset",22887,23063,23303,23510,23727,23930,23953,24055,24184,24182,23990,23898,23696,23446,23258
"Loimaa","Yhteensä","Miehet",8435,8429,8402,8365,8317,8295,8257,8220,8231,8198,8137,8064,8007,7958,7895
"Loimaa","Yhteensä","Naiset",8865,8827,8775,8737,8688,8621,8591,8517,8469,8409,8330,8203,8143,8074,7980
"Loppi","Yhteensä","Miehet",4055,4085,4166,4181,4216,4227,4291,4287,4282,4253,4203,4173,4134,4060,4039
"Loppi","Yhteensä","Naiset",3909,3921,3956,3965,4028,4046,4086,4049,4059,4038,3972,3925,3894,3801,3789
"Loviisa","Yhteensä","Miehet",7814,7829,7847,7797,7746,7769,7758,7751,7735,7729,7650,7601,7534,7476,7447
"Loviisa","Yhteensä","Naiset",7869,7920,7918,7897,7803,7826,7794,7768,7758,7751,7661,7607,7551,7415,7325
"Luhanka","Yhteensä","Miehet",463,441,442,429,434,429,418,404,404,409,403,400,386,373,368
"Luhanka","Yhteensä","Naiset",418,406,410,408,400,402,384,369,359,352,358,356,348,334,322
"Lumijoki","Yhteensä","Miehet",955,964,964,997,1017,1016,1041,1053,1071,1076,1074,1091,1067,1049,1040
"Lumijoki","Yhteensä","Naiset",901,926,931,944,977,978,996,1006,1013,998,1002,1014,1014,1003,980
"Lumparland","Yhteensä","Miehet",196,195,196,198,198,201,204,201,214,216,210,201,209,205,195
"Lumparland","Yhteensä","Naiset",191,192,191,189,193,193,195,191,199,202,188,184,186,177,171
"Luoto","Yhteensä","Miehet",2274,2309,2356,2401,2427,2489,2523,2539,2596,2614,2650,2666,2701,2744,2788
"Luoto","Yhteensä","Naiset",2119,2164,2216,2250,2292,2327,2398,2427,2469,2493,2497,2510,2563,2596,2629
"Luumäki","Yhteensä","Miehet",2684,2640,2617,2602,2604,2591,2571,2529,2524,2519,2470,2432,2385,2341,2333
"Luumäki","Yhteensä","Naiset",2613,2576,2583,2577,2575,2556,2548,2493,2468,2430,2390,2399,2362,2321,2303
"Maalahti","Yhteensä","Miehet",2826,2818,2818,2835,2869,2843,2843,2842,2847,2843,2841,2828,2825,2820,2815
"Maalahti","Yhteensä","Naiset",2716,2701,2697,2714,2745,2762,2771,2744,2733,2730,2704,2689,2652,2657,2660
"Maarianhamina - Mariehamn","Yhteensä","Miehet",5104,5141,5161,5216,5312,5342,5384,5430,5459,5519,5522,5554,5612,5629,5583
"Maarianhamina - Mariehamn","Yhteensä","Naiset",5676,5683,5741,5789,5811,5848,5878,5915,5934,5960,5939,6011,6065,6114,6096
"Marttila","Yhteensä","Miehet",1038,1050,1029,1037,1031,1025,1028,1041,1051,1050,1020,1026,1013,1037,1034
"Marttila","Yhteensä","Naiset",1026,1023,1006,993,988,969,970,976,1005,1020,1008,995,975,981,979
"Masku","Yhteensä","Miehet",4325,4407,4541,4699,4772,4732,4811,4866,4909,4936,4933,4929,4916,4858,4867
"Masku","Yhteensä","Naiset",4281,4372,4552,4684,4744,4723,4774,4805,4820,4831,4773,4746,4740,4696,4667
"Merijärvi","Yhteensä","Miehet",683,680,662,640,662,651,642,633,632,627,611,608,597,591,593
"Merijärvi","Yhteensä","Naiset",590,584,577,547,547,551,557,543,521,523,523,523,522,513,496
"Merikarvia","Yhteensä","Miehet",1806,1759,1741,1732,1726,1691,1656,1633,1601,1610,1581,1586,1578,1553,1537
"Merikarvia","Yhteensä","Naiset",1776,1735,1714,1705,1685,1656,1648,1636,1625,1636,1604,1583,1578,1562,1530
"Miehikkälä","Yhteensä","Miehet",1241,1228,1212,1179,1172,1138,1121,1124,1095,1071,1049,1018,995,981,937
"Miehikkälä","Yhteensä","Naiset",1192,1185,1158,1118,1106,1072,1048,1053,1050,1052,1036,1016,997,959,920
"Mikkeli","Yhteensä","Miehet",26609,26669,26609,26538,26491,26552,26603,26547,26630,26606,26664,26614,26507,26323,25966
"Mikkeli","Yhteensä","Naiset",28119,28050,27912,27902,27944,27903,27927,27972,28005,27999,28001,27903,27754,27495,27168
"Muhos","Yhteensä","Miehet",4168,4294,4379,4452,4495,4501,4524,4545,4580,4568,4629,4598,4618,4572,4521
"Muhos","Yhteensä","Naiset",4072,4178,4267,4299,4361,4356,4385,4403,4418,4418,4434,4397,4401,4408,4387
"Multia","Yhteensä","Miehet",1047,1026,1017,1005,983,965,949,941,916,922,885,856,846,812,807
"Multia","Yhteensä","Naiset",973,968,946,948,936,925,898,875,861,841,825,807,790,772,759
"Muonio","Yhteensä","Miehet",1230,1214,1193,1190,1194,1214,1190,1198,1202,1188,1192,1177,1161,1144,1154
"Muonio","Yhteensä","Naiset",1188,1189,1170,1170,1183,1187,1179,1196,1181,1187,1166,1173,1171,1155,1154
"Mustasaari","Yhteensä","Miehet",8765,8885,9029,9130,9233,9387,9531,9583,9636,9705,9721,9742,9722,9780,9786
"Mustasaari","Yhteensä","Naiset",8604,8756,8907,8982,9105,9250,9337,9429,9517,9582,9581,9638,9662,9664,9662
"Muurame","Yhteensä","Miehet",4362,4462,4505,4591,4643,4649,4750,4827,4826,4882,4926,5011,5097,5142,5143
"Muurame","Yhteensä","Naiset",4310,4419,4485,4587,4588,4607,4688,4742,4746,4818,4865,4930,5000,5028,5021
"Mynämäki","Yhteensä","Miehet",4007,3984,3996,4011,4026,4030,4029,4018,3987,3954,3917,3902,3898,3860,3819
"Mynämäki","Yhteensä","Naiset",4051,4025,4035,4015,4013,4011,4015,3960,3963,3963,3942,3940,3940,3906,3835
"Myrskylä","Yhteensä","Miehet",1021,1034,1014,1008,1018,1004,1005,994,989,984,970,976,956,938,910
"Myrskylä","Yhteensä","Naiset",1012,1016,1012,1002,1003,1002,1003,998,998,1001,999,1010,1013,984,972
"Mäntsälä","Yhteensä","Miehet",9062,9233,9380,9582,9729,9840,9948,10124,10149,10204,10259,10374,10340,10262,10334
"Mäntsälä","Yhteensä","Naiset",9164,9417,9600,9850,10018,10135,10183,10354,10385,10417,10426,10479,10463,10424,10387
"Mänttä-Vilppula","Yhteensä","Miehet",5867,5808,5766,5695,5631,5596,5560,5461,5342,5246,5205,5138,5052,4947,4882
"Mänttä-Vilppula","Yhteensä","Naiset",6115,6073,6001,5950,5865,5817,5748,5661,5556,5477,5399,5310,5204,5036,4973
"Mäntyharju","Yhteensä","Miehet",3387,3300,3285,3247,3200,3184,3159,3151,3109,3092,3053,3011,3006,2935,2878
"Mäntyharju","Yhteensä","Naiset",3475,3401,3362,3323,3275,3272,3234,3205,3178,3174,3106,3086,3048,2989,2913
"Naantali","Yhteensä","Miehet",8687,8769,8821,8942,9017,9128,9182,9160,9153,9149,9218,9266,9316,9336,9365
"Naantali","Yhteensä","Naiset",9101,9218,9296,9449,9527,9679,9689,9664,9706,9722,9743,9802,9851,9909,9949
"Nakkila","Yhteensä","Miehet",2928,2888,2869,2864,2845,2882,2870,2842,2830,2822,2810,2751,2755,2703,2656
"Nakkila","Yhteensä","Naiset",2904,2880,2889,2918,2871,2906,2910,2905,2876,2829,2841,2797,2766,2734,2673
"Nivala","Yhteensä","Miehet",5545,5589,5586,5593,5593,5609,5628,5620,5607,5582,5554,5549,5512,5471,5424
"Nivala","Yhteensä","Naiset",5344,5361,5390,5391,5430,5416,5423,5365,5335,5363,5322,5340,5303,5266,5215
"Nokia","Yhteensä","Miehet",14358,14605,14996,15268,15456,15607,15826,15973,16186,16284,16445,16461,16512,16626,16849
"Nokia","Yhteensä","Naiset",14789,15135,15489,15683,15901,16040,16230,16381,16504,16563,16717,16749,16810,16901,17080
"Nousiainen","Yhteensä","Miehet",2306,2357,2430,2448,2463,2475,2459,2460,2497,2471,2468,2440,2450,2421,2417
"Nousiainen","Yhteensä","Naiset",2212,2276,2333,2361,2361,2390,2355,2386,2375,2373,2391,2375,2363,2312,2298
"Nurmes","Yhteensä","Miehet",5952,5812,5738,5651,5576,5533,5450,5420,5344,5278,5208,5083,5021,4913,4808
"Nurmes","Yhteensä","Naiset",5870,5726,5619,5531,5479,5433,5346,5309,5226,5166,5112,5047,4962,4871,4744
"Nurmijärvi","Yhteensä","Miehet",18639,18920,19250,19420,19733,19896,20101,20281,20488,20704,20905,20941,21014,21314,21528
"Nurmijärvi","Yhteensä","Naiset",18752,19086,19383,19598,19895,20041,20248,20438,20690,20873,20992,21069,21145,21351,21465
"Närpiö","Yhteensä","Miehet",4772,4785,4799,4834,4807,4789,4772,4748,4719,4750,4750,4762,4808,4781,4812
"Närpiö","Yhteensä","Naiset",4691,4647,4644,4671,4657,4646,4640,4632,4616,4639,4637,4677,4699,4690,4667
"Orimattila","Yhteensä","Miehet",7938,7982,8001,8053,8080,8083,8101,8066,8091,8081,8112,8103,8116,8050,8003
"Orimattila","Yhteensä","Naiset",8216,8223,8204,8223,8273,8226,8268,8234,8256,8207,8214,8176,8105,8041,8000
"Oripää","Yhteensä","Miehet",648,646,663,674,685,700,707,713,710,708,692,685,701,706,688
"Oripää","Yhteensä","Naiset",687,686,699,719,718,714,715,721,713,709,685,678,681,658,641
"Orivesi","Yhteensä","Miehet",4324,4620,4675,4704,4712,4714,4716,4704,4722,4712,4626,4591,4579,4557,4519
"Orivesi","Yhteensä","Naiset",4605,4866,4880,4928,4922,4903,4874,4867,4908,4867,4782,4721,4706,4664,4639
"Oulainen","Yhteensä","Miehet",3904,3918,3888,3919,3853,3845,3869,3840,3790,3780,3723,3685,3674,3651,3588
"Oulainen","Yhteensä","Naiset",4197,4168,4110,4128,4078,4044,4047,4007,3982,3945,3887,3829,3798,3779,3700
"Oulu","Yhteensä","Miehet",85548,86507,87566,89028,90401,91948,93226,94742,96337,97719,98909,99993,100768,101708,102615
"Oulu","Yhteensä","Naiset",87888,88779,89710,90873,92127,93471,94888,96105,97461,98572,99616,100533,101042,101859,102874
"Outokumpu","Yhteensä","Miehet",3836,3846,3840,3770,3744,3714,3683,3644,3603,3557,3548,3546,3494,3402,3335
"Outokumpu","Yhteensä","Naiset",3922,3897,3848,3781,3748,3697,3694,3699,3659,3615,3591,3545,3509,3401,3353
"Padasjoki","Yhteensä","Miehet",1821,1800,1772,1752,1734,1721,1696,1671,1640,1605,1572,1536,1523,1480,1461
"Padasjoki","Yhteensä","Naiset",1818,1797,1759,1761,1714,1702,1673,1662,1639,1592,1571,1537,1504,1483,1435
"Paimio","Yhteensä","Miehet",4945,4992,4979,5037,5116,5145,5170,5230,5239,5251,5237,5288,5304,5406,5409
"Paimio","Yhteensä","Naiset",4931,5008,5031,5108,5218,5257,5301,5361,5351,5377,5383,5425,5426,5426,5441
"Paltamo","Yhteensä","Miehet",2142,2102,2099,2063,2020,1991,1954,1912,1868,1842,1802,1796,1768,1703,1682
"Paltamo","Yhteensä","Naiset",2041,1991,1972,1935,1897,1893,1853,1831,1752,1722,1686,1695,1667,1633,1591
"Parainen","Yhteensä","Miehet",7567,7618,7613,7625,7670,7659,7673,7691,7681,7690,7656,7654,7604,7576,7545
"Parainen","Yhteensä","Naiset",7731,7750,7760,7780,7820,7842,7832,7870,7826,7804,7801,7744,7681,7641,7587
"Parikkala","Yhteensä","Miehet",3097,3083,3043,3016,2931,2889,2843,2806,2767,2709,2637,2576,2505,2448,2389
"Parikkala","Yhteensä","Naiset",3130,3068,3027,2991,2954,2898,2821,2785,2742,2664,2598,2550,2464,2394,2345
"Parkano","Yhteensä","Miehet",3681,3609,3582,3593,3574,3527,3546,3516,3461,3454,3434,3407,3338,3300,3268
"Parkano","Yhteensä","Naiset",3659,3604,3550,3522,3495,3451,3436,3402,3375,3354,3332,3285,3224,3169,3136
"Pedersören kunta","Yhteensä","Miehet",5351,5373,5405,5441,5491,5548,5596,5604,5628,5705,5739,5711,5736,5680,5729
"Pedersören kunta","Yhteensä","Naiset",5215,5250,5260,5316,5330,5345,5341,5336,5342,5355,5390,5356,5348,5336,5352
"Pelkosenniemi","Yhteensä","Miehet",612,593,596,582,572,561,544,531,536,525,526,529,530,520,504
"Pelkosenniemi","Yhteensä","Naiset",501,483,467,464,453,447,429,432,430,422,432,422,428,434,435
"Pello","Yhteensä","Miehet",2286,2225,2152,2106,2049,2032,1996,1956,1915,1884,1858,1816,1793,1752,1709
"Pello","Yhteensä","Naiset",2191,2136,2064,2008,1972,1948,1916,1863,1824,1792,1765,1749,1717,1686,1664
"Perho","Yhteensä","Miehet",1545,1540,1530,1526,1508,1470,1465,1483,1480,1458,1475,1466,1443,1430,1404
"Perho","Yhteensä","Naiset",1499,1464,1487,1494,1478,1464,1445,1440,1443,1435,1456,1441,1417,1395,1355
"Pertunmaa","Yhteensä","Miehet",1075,1058,1029,1004,1008,984,983,955,942,943,919,917,893,879,861
"Pertunmaa","Yhteensä","Naiset",1027,1001,990,975,975,952,927,902,900,889,898,879,846,834,829
"Petäjävesi","Yhteensä","Miehet",1916,1936,1986,2001,2042,2060,2072,2079,2088,2066,2045,2048,2018,2010,1969
"Petäjävesi","Yhteensä","Naiset",1787,1812,1873,1886,1937,1962,1993,2016,2037,2015,1963,1933,1902,1890,1872
"Pieksämäki","Yhteensä","Miehet",10165,10081,9956,9885,9820,9691,9636,9509,9466,9361,9225,9052,8949,8793,8690
"Pieksämäki","Yhteensä","Naiset",10801,10665,10520,10419,10331,10178,10064,9898,9822,9690,9576,9423,9271,9140,8992
"Pielavesi","Yhteensä","Miehet",2820,2758,2707,2673,2626,2590,2554,2522,2464,2460,2453,2433,2388,2338,2271
"Pielavesi","Yhteensä","Naiset",2662,2609,2585,2576,2521,2497,2452,2404,2360,2327,2287,2264,2236,2160,2120
"Pietarsaari","Yhteensä","Miehet",9519,9564,9612,9727,9710,9745,9736,9768,9750,9715,9650,9633,9662,9628,9580
"Pietarsaari","Yhteensä","Naiset",10002,9993,9957,9940,9917,9911,9887,9912,9883,9862,9786,9744,9717,9650,9628
"Pihtipudas","Yhteensä","Miehet",2458,2412,2388,2341,2297,2261,2235,2195,2159,2105,2074,2076,2046,1996,1991
"Pihtipudas","Yhteensä","Naiset",2459,2431,2396,2359,2316,2302,2265,2246,2195,2156,2147,2126,2081,2057,2041
"Pirkkala","Yhteensä","Miehet",7393,7590,7844,8021,8216,8549,8801,8945,9084,9224,9349,9458,9530,9594,9751
"Pirkkala","Yhteensä","Naiset",7482,7678,7944,8133,8299,8688,8962,9183,9285,9465,9564,9705,9707,9774,9872
"Polvijärvi","Yhteensä","Miehet",2565,2530,2532,2495,2477,2470,2457,2421,2383,2351,2328,2301,2262,2199,2166
"Polvijärvi","Yhteensä","Naiset",2443,2411,2399,2348,2344,2334,2321,2307,2281,2258,2228,2213,2152,2108,2080
"Pomarkku","Yhteensä","Miehet",1296,1284,1290,1277,1267,1247,1218,1202,1182,1166,1149,1141,1101,1088,1060
"Pomarkku","Yhteensä","Naiset",1232,1231,1246,1235,1215,1213,1197,1171,1158,1109,1091,1092,1065,1058,1029
"Pori","Yhteensä","Miehet",40783,40783,40801,40879,41026,41177,41212,41308,41451,41490,41483,41426,41232,41226,41044
"Pori","Yhteensä","Naiset",43672,43673,43722,43735,43818,43849,43866,43893,43948,43928,43880,43633,43355,43177,42890
"Pornainen","Yhteensä","Miehet",2401,2433,2488,2524,2553,2575,2586,2590,2585,2613,2598,2596,2579,2567,2568
"Pornainen","Yhteensä","Naiset",2359,2418,2426,2451,2514,2532,2536,2547,2560,2535,2527,2512,2542,2501,2467
"Porvoo","Yhteensä","Miehet",22906,23163,23343,23539,23721,23836,23900,24045,24271,24425,24505,24669,24685,24686,24758
"Porvoo","Yhteensä","Naiset",24076,24241,24489,24688,24878,24932,24933,24983,25155,25303,25423,25475,25474,25576,25622
"Posio","Yhteensä","Miehet",2228,2197,2138,2095,2072,2022,1997,1958,1907,1898,1802,1772,1710,1673,1641
"Posio","Yhteensä","Naiset",2019,2003,1949,1925,1873,1852,1821,1780,1740,1735,1675,1652,1600,1564,1542
"Pudasjärvi","Yhteensä","Miehet",4905,4814,4779,4731,4704,4624,4557,4526,4482,4398,4337,4307,4268,4208,4157
"Pudasjärvi","Yhteensä","Naiset",4475,4403,4363,4300,4243,4203,4138,4094,4055,4001,3920,3880,3835,3782,3716
"Pukkila","Yhteensä","Miehet",1012,1004,1013,1022,1017,1020,1009,1026,1021,1007,995,1010,994,968,957
"Pukkila","Yhteensä","Naiset",1012,1014,1009,1003,987,1004,1007,1021,1015,1006,976,978,946,931,903
"Punkalaidun","Yhteensä","Miehet",1716,1716,1725,1707,1703,1672,1652,1632,1623,1592,1566,1559,1522,1487,1452
"Punkalaidun","Yhteensä","Naiset",1734,1707,1680,1666,1630,1609,1584,1571,1550,1525,1483,1444,1427,1409,1376
"Puolanka","Yhteensä","Miehet",1777,1738,1681,1657,1617,1582,1553,1526,1490,1460,1449,1419,1399,1360,1324
"Puolanka","Yhteensä","Naiset",1631,1599,1544,1526,1506,1481,1444,1405,1388,1364,1327,1316,1270,1237,1204
"Puumala","Yhteensä","Miehet",1423,1395,1376,1333,1294,1262,1229,1207,1183,1171,1146,1140,1124,1109,1093
"Puumala","Yhteensä","Naiset",1384,1363,1347,1312,1255,1215,1190,1167,1136,1135,1114,1094,1084,1088,1058
"Pyhtää","Yhteensä","Miehet",2572,2553,2545,2547,2657,2654,2679,2663,2676,2677,2662,2658,2618,2578,2560
"Pyhtää","Yhteensä","Naiset",2566,2588,2595,2576,2659,2701,2693,2714,2708,2677,2659,2682,2646,2609,2580
"Pyhäjoki","Yhteensä","Miehet",1793,1777,1761,1735,1732,1741,1732,1717,1736,1699,1654,1664,1646,1638,1593
"Pyhäjoki","Yhteensä","Naiset",1685,1653,1639,1618,1641,1652,1629,1594,1620,1591,1557,1524,1543,1508,1484
"Pyhäjärvi","Yhteensä","Miehet",3237,3209,3154,3098,3045,3018,2984,2964,2888,2798,2764,2749,2696,2653,2596
"Pyhäjärvi","Yhteensä","Naiset",3034,3035,2970,2983,2956,2928,2903,2885,2843,2764,2741,2697,2641,2595,2535
"Pyhäntä","Yhteensä","Miehet",946,926,904,872,845,840,812,810,796,814,839,831,824,825,829
"Pyhäntä","Yhteensä","Naiset",888,873,859,829,803,793,772,756,749,748,748,748,755,732,749
"Pyhäranta","Yhteensä","Miehet",1120,1123,1124,1138,1144,1138,1129,1119,1103,1087,1090,1063,1065,1046,1047
"Pyhäranta","Yhteensä","Naiset",1098,1100,1091,1098,1089,1098,1077,1080,1074,1049,1046,1012,1012,982,957
"Pälkäne","Yhteensä","Miehet",3462,3473,3485,3503,3497,3452,3415,3402,3399,3368,3337,3315,3287,3260,3231
"Pälkäne","Yhteensä","Naiset",3399,3422,3485,3486,3515,3498,3467,3436,3396,3354,3339,3312,3280,3239,3204
"Pöytyä","Yhteensä","Miehet",4235,4242,4264,4289,4309,4327,4331,4378,4411,4414,4372,4338,4311,4257,4245
"Pöytyä","Yhteensä","Naiset",4136,4109,4141,4108,4150,4167,4143,4191,4179,4205,4190,4165,4111,4076,4031
"Raahe","Yhteensä","Miehet",13141,13079,13116,13206,13107,13096,13055,13054,12976,12917,12813,12711,12686,12624,12561
"Raahe","Yhteensä","Naiset",12605,12592,12562,12603,12567,12560,12597,12605,12531,12466,12352,12299,12315,12187,12118
"Raasepori","Yhteensä","Miehet",13852,13939,14055,14114,14180,14264,14212,14170,14089,14102,13954,13823,13741,13597,13616
"Raasepori","Yhteensä","Naiset",14544,14592,14676,14720,14764,14801,14747,14659,14606,14572,14451,14254,14110,13995,13920
"Raisio","Yhteensä","Miehet",11657,11744,11797,11832,11864,11976,12018,12019,12003,11927,11907,11898,11888,11857,11820
"Raisio","Yhteensä","Naiset",12142,12223,12280,12315,12327,12451,12541,12543,12562,12444,12383,12385,12346,12321,12236
"Rantasalmi","Yhteensä","Miehet",2203,2176,2140,2088,2059,2010,1999,1962,1932,1911,1890,1833,1805,1777,1745
"Rantasalmi","Yhteensä","Naiset",2168,2145,2121,2057,2017,1986,1950,1959,1940,1904,1843,1816,1748,1737,1686
"Ranua","Yhteensä","Miehet",2477,2426,2377,2349,2336,2278,2240,2211,2163,2134,2101,2117,2071,2023,1963
"Ranua","Yhteensä","Naiset",2238,2206,2135,2079,2071,2059,2022,2016,1991,1959,1919,1906,1901,1873,1820
"Rauma","Yhteensä","Miehet",19789,19747,19643,19489,19537,19573,19618,19646,19741,19777,19726,19673,19709,19598,19508
"Rauma","Yhteensä","Naiset",20592,20545,20410,20258,20256,20142,20202,20196,20238,20193,20083,19941,19911,19762,19697
"Rautalampi","Yhteensä","Miehet",1852,1811,1799,1779,1775,1748,1756,1728,1708,1672,1653,1654,1640,1601,1567
"Rautalampi","Yhteensä","Naiset",1826,1792,1793,1759,1745,1727,1725,1716,1718,1702,1650,1634,1615,1595,1554
"Rautavaara","Yhteensä","Miehet",1132,1114,1075,1056,1042,1024,999,978,970,960,949,948,925,894,866
"Rautavaara","Yhteensä","Naiset",958,947,913,893,876,848,849,835,814,808,788,775,773,757,736
"Rautjärvi","Yhteensä","Miehet",2115,2086,2072,2040,2021,1985,1930,1900,1858,1836,1778,1731,1730,1687,1646
"Rautjärvi","Yhteensä","Naiset",2158,2135,2104,2056,2016,1952,1902,1884,1824,1790,1759,1742,1706,1648,1580
"Reisjärvi","Yhteensä","Miehet",1613,1584,1569,1546,1560,1538,1550,1522,1506,1491,1481,1472,1445,1410,1397
"Reisjärvi","Yhteensä","Naiset",1493,1481,1470,1444,1460,1435,1446,1439,1419,1410,1413,1382,1368,1333,1321
"Riihimäki","Yhteensä","Miehet",13175,13400,13662,13920,13975,14096,14272,14385,14460,14466,14439,14408,14369,14275,14288
"Riihimäki","Yhteensä","Naiset",13894,14103,14361,14616,14612,14707,14746,14830,14858,14884,14830,14752,14652,14461,14505
"Ristijärvi","Yhteensä","Miehet",847,837,817,797,774,769,759,743,731,728,704,695,683,672,663
"Ristijärvi","Yhteensä","Naiset",779,771,758,751,747,744,730,707,696,688,647,650,634,616,609
"Rovaniemi","Yhteensä","Miehet",28022,28113,28441,28763,29064,29214,29540,29638,29805,29961,30111,30263,30291,30491,30560
"Rovaniemi","Yhteensä","Naiset",29813,29986,30384,30590,30784,30876,31097,31239,31410,31590,31727,31968,32129,32431,32482
"Ruokolahti","Yhteensä","Miehet",2985,2977,2893,2893,2881,2843,2783,2770,2737,2683,2637,2601,2578,2516,2477
"Ruokolahti","Yhteensä","Naiset",2912,2905,2839,2837,2852,2825,2812,2807,2770,2721,2675,2644,2640,2583,2517
"Ruovesi","Yhteensä","Miehet",2726,2686,2629,2586,2574,2550,2504,2482,2435,2387,2347,2315,2245,2192,2129
"Ruovesi","Yhteensä","Naiset",2672,2628,2566,2546,2527,2488,2436,2386,2336,2302,2276,2250,2214,2206,2154
"Rusko","Yhteensä","Miehet",2858,2868,2867,2863,2894,2894,2906,2925,2956,2987,3025,3042,3119,3128,3173
"Rusko","Yhteensä","Naiset",2796,2840,2857,2895,2928,2922,2964,2982,3039,3058,3085,3095,3144,3123,3154
"Rääkkylä","Yhteensä","Miehet",1480,1448,1427,1400,1379,1332,1328,1305,1291,1277,1221,1180,1166,1134,1110
"Rääkkylä","Yhteensä","Naiset",1358,1330,1308,1271,1246,1222,1204,1185,1176,1158,1128,1088,1074,1047,1016
"Saarijärvi","Yhteensä","Miehet",5465,5391,5316,5295,5267,5216,5117,5086,5056,5030,4960,4830,4785,4687,4630
"Saarijärvi","Yhteensä","Naiset",5583,5538,5485,5435,5399,5364,5263,5172,5109,5054,4955,4860,4804,4728,4679
"Salla","Yhteensä","Miehet",2439,2384,2321,2283,2253,2215,2157,2120,2070,2021,1999,1953,1913,1861,1808
"Salla","Yhteensä","Naiset",2132,2095,2043,2025,1978,1947,1895,1859,1820,1760,1728,1700,1662,1630,1592
"Salo","Yhteensä","Miehet",26240,26433,26643,26803,26883,27121,27182,26969,26804,26679,26526,26344,26064,25777,25553
"Salo","Yhteensä","Naiset",27432,27649,27826,27974,28006,28114,28101,27889,27674,27559,27364,27202,26920,26544,26280
"Saltvik","Yhteensä","Miehet",873,853,866,886,907,909,907,910,911,920,920,929,946,939,936
"Saltvik","Yhteensä","Naiset",866,853,865,867,885,893,903,913,902,905,909,910,927,919,913
"Sastamala","Yhteensä","Miehet",12731,12723,12766,12745,12694,12720,12729,12735,12630,12559,12494,12406,12298,12246,12122
"Sastamala","Yhteensä","Naiset",13116,13125,13127,13068,13052,13044,13034,13012,12881,12813,12726,12656,12522,12405,12155
"Sauvo","Yhteensä","Miehet",1487,1476,1502,1548,1551,1549,1541,1525,1521,1501,1526,1541,1531,1532,1517
"Sauvo","Yhteensä","Naiset",1444,1439,1448,1479,1489,1496,1502,1508,1511,1498,1493,1506,1476,1462,1428
"Savitaipale","Yhteensä","Miehet",2079,2084,2045,2015,1985,1942,1902,1873,1865,1829,1798,1766,1726,1711,1698
"Savitaipale","Yhteensä","Naiset",2047,2048,2026,2008,1972,1921,1887,1891,1864,1838,1815,1768,1754,1718,1685
"Savonlinna","Yhteensä","Miehet",18543,18435,18246,18097,17991,17946,17865,17765,17569,17468,17267,17164,16819,16442,16149
"Savonlinna","Yhteensä","Naiset",19908,19779,19516,19313,19213,19113,18989,18819,18687,18476,18256,18078,17845,17169,16825
"Savukoski","Yhteensä","Miehet",704,686,663,646,634,634,618,605,610,596,585,575,566,567,561
"Savukoski","Yhteensä","Naiset",599,580,581,570,547,545,538,522,516,507,476,469,446,448,444
"Seinäjoki","Yhteensä","Miehet",26020,26351,26803,27228,27638,28056,28449,28896,29369,29611,29935,30161,30494,30849,31116
"Seinäjoki","Yhteensä","Naiset",27945,28265,28553,28983,29386,29755,30254,30660,30985,31269,31595,31891,32182,32439,32665
"Sievi","Yhteensä","Miehet",2636,2659,2686,2713,2701,2716,2716,2704,2653,2656,2638,2611,2604,2580,2562
"Sievi","Yhteensä","Naiset",2556,2554,2571,2594,2577,2594,2569,2537,2545,2498,2486,2458,2431,2400,2348
"Siikainen","Yhteensä","Miehet",961,958,931,894,902,870,873,855,850,842,809,791,783,771,751
"Siikainen","Yhteensä","Naiset",839,836,813,783,784,784,788,786,782,751,718,703,693,687,686
"Siikajoki","Yhteensä","Miehet",3008,3012,3013,2983,2995,2945,2921,2888,2905,2877,2860,2801,2776,2724,2677
"Siikajoki","Yhteensä","Naiset",2800,2815,2810,2776,2781,2737,2718,2709,2688,2649,2606,2565,2567,2525,2468
"Siikalatva","Yhteensä","Miehet",3508,3474,3440,3368,3332,3293,3227,3168,3103,3078,3018,2963,2900,2813,2775
"Siikalatva","Yhteensä","Naiset",3180,3101,3080,3026,2961,2886,2834,2815,2754,2738,2659,2620,2547,2488,2456
"Siilinjärvi","Yhteensä","Miehet",10149,10295,10392,10363,10492,10515,10667,10718,10799,10833,10874,10866,10744,10740,10616
"Siilinjärvi","Yhteensä","Naiset",10122,10314,10358,10406,10472,10495,10644,10713,10768,10835,10920,10902,10913,10934,10807
"Simo","Yhteensä","Miehet",1858,1842,1849,1836,1816,1800,1790,1769,1723,1688,1648,1614,1585,1541,1521
"Simo","Yhteensä","Naiset",1763,1755,1739,1710,1680,1689,1651,1660,1633,1608,1590,1556,1525,1504,1467
"Sipoo","Yhteensä","Miehet",9316,9472,9720,8876,8968,9083,9235,9359,9445,9502,9695,9985,10167,10367,10598
"Sipoo","Yhteensä","Naiset",9403,9588,9750,8964,9068,9170,9291,9380,9469,9532,9704,9937,10143,10299,10572
"Siuntio","Yhteensä","Miehet",2736,2815,2925,2971,3055,3098,3116,3138,3136,3146,3147,3165,3135,3129,3145
"Siuntio","Yhteensä","Naiset",2686,2763,2855,2900,2969,3006,3032,3032,3047,3053,3035,3013,3011,3005,3000
"Sodankylä","Yhteensä","Miehet",4775,4715,4656,4615,4578,4561,4574,4602,4644,4600,4580,4527,4465,4424,4359
"Sodankylä","Yhteensä","Naiset",4441,4366,4326,4257,4223,4218,4232,4232,4240,4220,4202,4126,4080,4020,3944
"Soini","Yhteensä","Miehet",1349,1330,1300,1266,1242,1226,1197,1188,1161,1149,1129,1113,1080,1063,1038
"Soini","Yhteensä","Naiset",1265,1250,1226,1189,1187,1165,1163,1141,1123,1124,1095,1073,1034,1022,1014
"Somero","Yhteensä","Miehet",4756,4716,4708,4700,4664,4630,4600,4573,4543,4569,4499,4478,4435,4390,4323
"Somero","Yhteensä","Naiset",4850,4808,4783,4765,4738,4700,4668,4656,4603,4604,4594,4549,4484,4438,4388
"Sonkajärvi","Yhteensä","Miehet",2556,2522,2492,2428,2438,2431,2407,2350,2320,2266,2243,2192,2124,2081,2039
"Sonkajärvi","Yhteensä","Naiset",2395,2378,2333,2278,2256,2240,2193,2143,2134,2070,2035,2007,1951,1886,1858
"Sotkamo","Yhteensä","Miehet",5323,5344,5325,5299,5310,5295,5293,5294,5289,5255,5218,5214,5195,5187,5180
"Sotkamo","Yhteensä","Naiset",5390,5394,5391,5420,5393,5407,5404,5388,5370,5343,5305,5257,5228,5202,5156
"Sottunga","Yhteensä","Miehet",59,56,54,53,59,61,52,52,52,53,52,53,51,51,49
"Sottunga","Yhteensä","Naiset",68,64,62,62,66,58,51,49,48,48,47,43,41,40,39
"Sulkava","Yhteensä","Miehet",1585,1572,1542,1514,1480,1471,1447,1425,1393,1390,1362,1337,1300,1277,1258
"Sulkava","Yhteensä","Naiset",1611,1577,1545,1519,1485,1467,1429,1419,1401,1399,1362,1324,1288,1253,1234
"Sund","Yhteensä","Miehet",527,527,543,527,527,520,533,534,527,524,525,515,541,540,532
"Sund","Yhteensä","Naiset",504,506,509,504,505,499,499,501,502,511,506,491,490,488,491
"Suomussalmi","Yhteensä","Miehet",5120,5019,4915,4800,4767,4678,4585,4491,4412,4339,4250,4183,4110,4011,3951
"Suomussalmi","Yhteensä","Naiset",4951,4829,4717,4635,4565,4478,4358,4322,4249,4147,4086,4004,3941,3851,3776
"Suonenjoki","Yhteensä","Miehet",3848,3838,3797,3775,3764,3764,3765,3723,3705,3702,3682,3650,3620,3574,3538
"Suonenjoki","Yhteensä","Naiset",3918,3903,3881,3832,3847,3834,3812,3773,3751,3717,3708,3662,3646,3571,3526
"Sysmä","Yhteensä","Miehet",2324,2307,2266,2215,2149,2095,2069,2045,2031,2008,1992,1939,1897,1835,1799
"Sysmä","Yhteensä","Naiset",2331,2322,2312,2294,2242,2210,2192,2133,2108,2089,2048,2014,1962,1918,1858
"Säkylä","Yhteensä","Miehet",3901,3864,3799,3788,3759,3746,3727,3691,3617,3590,3522,3474,3430,3387,3329
"Säkylä","Yhteensä","Naiset",3984,3931,3886,3836,3814,3781,3750,3690,3638,3596,3548,3514,3473,3424,3392
"Taipalsaari","Yhteensä","Miehet",2481,2504,2523,2516,2498,2509,2469,2457,2451,2446,2454,2459,2432,2404,2377
"Taipalsaari","Yhteensä","Naiset",2414,2458,2441,2398,2390,2402,2386,2383,2375,2352,2361,2373,2342,2311,2294
"Taivalkoski","Yhteensä","Miehet",2531,2491,2458,2398,2382,2376,2360,2299,2280,2259,2230,2194,2153,2133,2111
"Taivalkoski","Yhteensä","Naiset",2197,2172,2163,2148,2109,2083,2062,2014,1971,1972,1969,1939,1905,1891,1865
"Taivassalo","Yhteensä","Miehet",884,879,862,845,847,859,856,853,847,833,837,826,850,848,833
"Taivassalo","Yhteensä","Naiset",858,869,868,863,845,841,834,829,820,812,796,796,804,814,806
"Tammela","Yhteensä","Miehet",3276,3310,3352,3323,3312,3308,3281,3268,3221,3211,3148,3144,3114,3080,3043
"Tammela","Yhteensä","Naiset",3229,3272,3298,3294,3316,3283,3273,3274,3253,3184,3132,3097,3041,3001,2972
"Tampere","Yhteensä","Miehet",97793,99122,100019,100985,102026,102945,103947,105123,106724,107951,109047,110686,112471,114154,115535
"Tampere","Yhteensä","Naiset",106544,107246,107847,108567,109481,110272,111221,112298,113722,115053,116071,117588,119382,121085,122605
"Tervo","Yhteensä","Miehet",962,931,940,926,912,893,875,879,865,846,837,840,827,813,782
"Tervo","Yhteensä","Naiset",873,859,852,824,832,813,825,825,804,781,771,771,758,754,738
"Tervola","Yhteensä","Miehet",1897,1890,1828,1788,1765,1778,1747,1733,1701,1698,1684,1636,1620,1613,1579
"Tervola","Yhteensä","Naiset",1782,1769,1722,1688,1697,1666,1640,1606,1605,1541,1511,1463,1448,1449,1422
"Teuva","Yhteensä","Miehet",3122,3096,3091,3052,3000,2993,2965,2923,2861,2799,2773,2716,2679,2645,2601
"Teuva","Yhteensä","Naiset",3098,3062,3067,3025,2962,2930,2882,2844,2795,2744,2709,2647,2590,2513,2475
"Tohmajärvi","Yhteensä","Miehet",2799,2740,2677,2659,2610,2575,2570,2520,2515,2475,2456,2428,2410,2353,2299
"Tohmajärvi","Yhteensä","Naiset",2647,2606,2562,2502,2469,2433,2422,2377,2361,2319,2282,2225,2161,2129,2062
"Toholampi","Yhteensä","Miehet",1838,1826,1783,1771,1755,1749,1749,1726,1705,1682,1675,1646,1631,1598,1555
"Toholampi","Yhteensä","Naiset",1829,1817,1807,1765,1738,1731,1736,1700,1676,1672,1636,1586,1561,1514,1478
"Toivakka","Yhteensä","Miehet",1193,1207,1198,1209,1222,1246,1262,1259,1263,1272,1260,1261,1237,1254,1242
"Toivakka","Yhteensä","Naiset",1160,1152,1149,1158,1157,1172,1213,1196,1203,1200,1171,1171,1147,1152,1146
"Tornio","Yhteensä","Miehet",11269,11225,11250,11280,11208,11291,11319,11321,11249,11202,11128,11102,11022,11013,10903
"Tornio","Yhteensä","Naiset",11028,11074,11123,11207,11218,11222,11226,11168,11122,11120,11071,11015,10906,10862,10699
"Turku","Yhteensä","Miehet",81727,82148,82411,82695,83011,83829,84479,85342,86418,87324,88435,89477,90557,91487,92217
"Turku","Yhteensä","Naiset",93141,93206,92875,92887,93076,93497,94151,94883,95654,96500,97473,98127,99112,99844,100745
"Tuusniemi","Yhteensä","Miehet",1548,1532,1522,1493,1488,1474,1440,1438,1428,1392,1391,1346,1326,1290,1264
"Tuusniemi","Yhteensä","Naiset",1450,1451,1412,1384,1376,1390,1380,1357,1374,1358,1328,1297,1271,1261,1213
"Tuusula","Yhteensä","Miehet",17465,17734,17996,18198,18380,18554,18780,18924,19036,19011,19174,19223,19292,19333,19281
"Tuusula","Yhteensä","Naiset",17425,17700,17972,18188,18386,18660,18887,19012,19089,19187,19285,19365,19354,19331,19318
"Tyrnävä","Yhteensä","Miehet",2957,3037,3115,3139,3221,3261,3295,3369,3360,3434,3468,3452,3447,3450,3389
"Tyrnävä","Yhteensä","Naiset",2775,2879,2972,3009,3099,3155,3167,3244,3282,3301,3325,3298,3283,3308,3248
"Ulvila","Yhteensä","Miehet",6841,6809,6797,6811,6801,6744,6756,6726,6635,6625,6645,6616,6573,6460,6370
"Ulvila","Yhteensä","Naiset",6962,6958,6905,6896,6891,6862,6798,6744,6726,6697,6707,6696,6664,6561,6501
"Urjala","Yhteensä","Miehet",2785,2754,2743,2699,2679,2655,2618,2577,2534,2476,2449,2416,2414,2407,2358
"Urjala","Yhteensä","Naiset",2780,2759,2748,2715,2683,2680,2628,2597,2571,2508,2479,2442,2415,2385,2330
"Utajärvi","Yhteensä","Miehet",1692,1667,1630,1581,1557,1552,1552,1552,1556,1535,1502,1488,1449,1424,1409
"Utajärvi","Yhteensä","Naiset",1531,1521,1478,1464,1457,1446,1399,1398,1389,1372,1359,1336,1319,1278,1267
"Utsjoki","Yhteensä","Miehet",756,762,736,735,716,700,694,695,690,686,690,677,668,662,649
"Utsjoki","Yhteensä","Naiset",607,599,599,587,586,597,600,590,589,574,560,564,574,570,563
"Uurainen","Yhteensä","Miehet",1618,1626,1672,1702,1738,1757,1798,1828,1840,1865,1896,1918,1940,1965,1919
"Uurainen","Yhteensä","Naiset",1519,1531,1593,1619,1644,1698,1709,1741,1754,1746,1770,1799,1807,1818,1762
"Uusikaarlepyy","Yhteensä","Miehet",3783,3795,3805,3835,3837,3838,3853,3845,3856,3863,3893,3867,3873,3845,3830
"Uusikaarlepyy","Yhteensä","Naiset",3592,3609,3594,3594,3615,3620,3663,3686,3668,3670,3671,3649,3648,3610,3634
"Uusikaupunki","Yhteensä","Miehet",8063,7977,7903,7885,7874,7866,7799,7688,7683,7792,7788,7732,8029,8006,7926
"Uusikaupunki","Yhteensä","Naiset",8135,8082,8023,8001,7999,7967,7886,7811,7780,7775,7722,7672,7723,7694,7596
"Vaala","Yhteensä","Miehet",1926,1870,1852,1816,1780,1757,1718,1690,1663,1631,1600,1584,1526,1475,1447
"Vaala","Yhteensä","Naiset",1792,1742,1709,1654,1620,1613,1596,1560,1530,1508,1474,1456,1415,1394,1345
"Vaasa","Yhteensä","Miehet",30414,30618,30842,31253,31664,31959,32362,32637,32999,33399,33798,33850,33814,33950,34082
"Vaasa","Yhteensä","Naiset",31475,31651,31853,32076,32251,32386,32811,33037,33322,33566,33821,33770,33578,33602,33554
"Valkeakoski","Yhteensä","Miehet",9974,9968,9960,10055,10099,10228,10296,10416,10406,10420,10496,10528,10456,10445,10338
"Valkeakoski","Yhteensä","Naiset",10434,10426,10434,10487,10532,10616,10726,10756,10723,10742,10836,10818,10680,10692,10634
"Vantaa","Yhteensä","Miehet",91592,92751,94085,95575,96742,97965,99489,100808,102377,103787,105765,108428,110613,113444,116438
"Vantaa","Yhteensä","Naiset",95689,96960,98437,99822,100894,102090,103512,104504,105721,107016,108840,110913,112414,114722,117337
"Varkaus","Yhteensä","Miehet",11839,11698,11592,11480,11376,11305,11210,11069,10951,10823,10724,10617,10474,10328,10164
"Varkaus","Yhteensä","Naiset",12107,11945,11813,11702,11559,11472,11396,11271,11156,11037,10914,10851,10681,10501,10302
"Vehmaa","Yhteensä","Miehet",1203,1193,1178,1194,1172,1159,1161,1145,1150,1156,1132,1129,1164,1150,1157
"Vehmaa","Yhteensä","Naiset",1261,1275,1270,1251,1228,1219,1192,1179,1180,1183,1144,1148,1152,1135,1136
"Vesanto","Yhteensä","Miehet",1310,1295,1252,1233,1226,1223,1211,1185,1161,1131,1103,1091,1073,1057,1034
"Vesanto","Yhteensä","Naiset",1273,1253,1225,1204,1186,1203,1179,1143,1127,1113,1088,1057,1021,1001,980
"Vesilahti","Yhteensä","Miehet",1962,2024,2098,2182,2231,2244,2255,2283,2297,2299,2297,2286,2294,2261,2244
"Vesilahti","Yhteensä","Naiset",1869,1925,1988,2066,2134,2101,2128,2154,2176,2193,2192,2176,2166,2132,2111
"Veteli","Yhteensä","Miehet",1865,1825,1802,1798,1784,1770,1745,1719,1699,1712,1692,1679,1664,1637,1606
"Veteli","Yhteensä","Naiset",1728,1715,1716,1703,1698,1696,1660,1663,1633,1630,1610,1580,1552,1529,1508
"Vieremä","Yhteensä","Miehet",2132,2118,2088,2096,2053,2041,2027,2009,1981,1949,1927,1904,1892,1884,1848
"Vieremä","Yhteensä","Naiset",1993,1977,1966,1966,1932,1941,1935,1921,1893,1867,1830,1817,1793,1792,1731
"Vihti","Yhteensä","Miehet",12828,13120,13401,13701,13819,14056,14195,14283,14406,14437,14419,14473,14531,14567,14514
"Vihti","Yhteensä","Naiset",13107,13307,13639,13927,14050,14255,14386,14391,14523,14558,14500,14494,14523,14644,14644
"Viitasaari","Yhteensä","Miehet",3761,3744,3706,3658,3599,3592,3544,3477,3427,3365,3315,3281,3181,3092,3030
"Viitasaari","Yhteensä","Naiset",3697,3701,3700,3672,3596,3582,3521,3480,3468,3415,3351,3326,3230,3172,3146
"Vimpeli","Yhteensä","Miehet",1721,1718,1681,1662,1650,1641,1623,1619,1606,1575,1558,1536,1513,1483,1455
"Vimpeli","Yhteensä","Naiset",1693,1669,1651,1640,1648,1614,1599,1586,1565,1531,1515,1489,1461,1418,1372
"Virolahti","Yhteensä","Miehet",1828,1818,1822,1786,1784,1777,1760,1781,1743,1730,1706,1663,1644,1621,1576
"Virolahti","Yhteensä","Naiset",1813,1793,1795,1755,1746,1739,1725,1706,1692,1669,1641,1604,1563,1529,1533
"Virrat","Yhteensä","Miehet",3911,3876,3831,3795,3782,3730,3701,3666,3614,3559,3500,3444,3428,3383,3268
"Virrat","Yhteensä","Naiset",3940,3902,3862,3834,3830,3784,3752,3718,3666,3598,3502,3473,3416,3356,3276
"Vårdö","Yhteensä","Miehet",221,221,221,231,229,235,233,218,222,224,222,225,221,222,224
"Vårdö","Yhteensä","Naiset",205,213,223,218,216,217,216,204,211,215,219,214,209,226,223
"Vöyri","Yhteensä","Miehet",3396,3357,3383,3364,3406,3398,3424,3410,3426,3427,3441,3440,3403,3404,3319
"Vöyri","Yhteensä","Naiset",3353,3306,3300,3264,3280,3291,3319,3270,3265,3278,3273,3244,3213,3209,3142
"Ylitornio","Yhteensä","Miehet",2590,2552,2487,2444,2422,2378,2332,2274,2245,2179,2171,2132,2089,2048,2006
"Ylitornio","Yhteensä","Naiset",2594,2543,2456,2403,2385,2353,2318,2282,2237,2169,2120,2068,2029,1974,1912
"Ylivieska","Yhteensä","Miehet",6723,6797,6844,6925,6949,7020,7117,7250,7395,7508,7548,7603,7618,7614,7646
"Ylivieska","Yhteensä","Naiset",6759,6774,6806,6878,6946,7047,7149,7283,7353,7468,7491,7596,7633,7598,7609
"Ylöjärvi","Yhteensä","Miehet",14011,14310,14631,14911,15161,15301,15495,15780,15949,16162,16389,16374,16446,16512,16706
"Ylöjärvi","Yhteensä","Naiset",13865,14156,14517,14851,15014,15199,15447,15735,15794,16098,16349,16425,16432,16471,16548
"Ypäjä","Yhteensä","Miehet",1351,1345,1331,1328,1291,1270,1264,1249,1241,1233,1215,1200,1197,1189,1183
"Ypäjä","Yhteensä","Naiset",1327,1314,1310,1302,1293,1295,1286,1260,1242,1235,1196,1182,1175,1168,1160
"Ähtäri","Yhteensä","Miehet",3441,3436,3384,3310,3277,3241,3219,3214,3157,3105,3058,3016,2971,2891,2853
"Ähtäri","Yhteensä","Naiset",3444,3421,3374,3310,3288,3241,3193,3149,3114,3073,3010,2969,2935,2812,2763
"Äänekoski","Yhteensä","Miehet",10177,10177,10183,10129,10097,10111,10189,10165,10063,9992,9874,9758,9613,9466,9457
"Äänekoski","Yhteensä","Naiset",10168,10164,10221,10196,10146,10133,10145,10100,10014,9917,9772,9616,9531,9385,9308
